"cca2","name","pop2021","pop2020","pop2050","pop2030","pop2019","pop2015","pop2010","pop2000","pop1990","pop1980","pop1970","area","Density","GrowthRate","WorldPercentage","rank"
"CN","China","1444216.1070","1439323.776","1402405.170","1464340.159","1433783.686","1406847.870","1368810.615","1290550.765","1176883.674","1000089.235","827601.394","9706961","148.7815","1.0034","0.1834","1"
"IN","India","1393409.0380","1380004.385","1639176.033","1503642.322","1366417.754","1310152.403","1234281.170","1056575.549","873277.798","698952.844","555189.792","3287590","423.8391","1.0097","0.1769","2"
"US","United States","332915.0730","331002.651","379419.102","349641.876","329064.917","320878.310","309011.475","281710.909","252120.309","229476.354","209513.341","9372610","35.5200","1.0058","0.0423","3"
"ID","Indonesia","276361.7830","273523.615","330904.664","299198.430","270625.568","258383.256","241834.215","211513.823","181413.402","147447.836","114793.178","1904569","145.1046","1.0104","0.0351","4"
"PK","Pakistan","225199.9370","220892.340","338013.196","262958.794","216565.318","199426.964","179424.641","142343.578","107647.921","78054.343","58142.060","881912","255.3542","1.0195","0.0286","5"
"BR","Brazil","213993.4370","212559.417","228980.400","223852.122","211049.527","204471.769","195713.635","174790.340","149003.223","120694.009","95113.265","8515767","25.1291","1.0067","0.0272","6"
"NG","Nigeria","211400.7080","206139.589","401315.000","262977.337","200963.599","181137.448","158503.197","122283.850","95212.450","73423.633","55982.144","923768","228.8461","1.0255","0.0268","7"
"BD","Bangladesh","166303.4980","164689.383","192567.778","178993.869","163046.161","156256.276","147575.430","127657.854","103171.956","79639.491","64232.482","147570","1126.9465","1.0098","0.0211","8"
"RU","Russia","145912.0250","145934.462","135824.481","143347.515","145872.256","144985.057","143479.274","146404.903","147531.561","138053.150","130148.653","17098242","8.5337","0.9998","0.0185","9"
"MX","Mexico","130262.2160","128932.753","155150.818","140875.762","127575.529","121858.258","114092.963","98899.845","83943.132","67761.372","51493.565","1964375","66.3123","1.0103","0.0165","10"
"JP","Japan","126050.8040","126476.461","105804.027","120758.057","126860.301","127985.133","128542.353","127524.174","124505.240","117816.940","104929.251","377930","333.5295","0.9966","0.0160","11"
"ET","Ethiopia","117876.2270","114963.588","205410.675","144944.299","112078.730","100835.458","87639.964","66224.804","47887.865","35141.712","28415.077","1104300","106.7429","1.0253","0.0150","12"
"PH","Philippines","111046.9130","109581.078","144488.158","123697.925","108116.615","102113.212","93966.780","77991.755","61895.160","47357.743","35803.594","342353","324.3638","1.0134","0.0141","13"
"EG","Egypt","104258.3270","102334.404","159956.808","120831.557","100388.073","92442.547","82761.235","68831.561","56134.475","43309.063","34513.850","1002450","104.0035","1.0188","0.0132","14"
"VN","Vietnam","98168.8330","97338.579","109605.011","104163.519","96462.106","92677.076","87967.651","79910.412","67988.862","54281.846","43404.793","331212","296.3927","1.0085","0.0125","15"
"CD","DR Congo","92377.9930","89561.403","194488.658","120046.726","86790.567","76244.544","64563.854","47105.826","34612.023","26358.908","20011.036","2344858","39.3960","1.0314","0.0117","16"
"TR","Turkey","85042.7380","84339.067","97139.570","89157.785","83429.615","78529.409","72326.988","63240.194","53921.760","43975.971","34876.303","783562","108.5335","1.0083","0.0108","17"
"IR","Iran","85028.7590","83992.949","103098.075","92663.708","82913.906","78492.215","73762.519","65623.405","56366.217","38650.246","28513.866","1648195","51.5890","1.0123","0.0108","18"
"DE","Germany","83900.4730","83783.942","80103.978","83135.644","83517.045","81787.411","80827.002","81400.882","79053.984","78283.100","78578.385","357114","234.9403","1.0014","0.0107","19"
"TH","Thailand","69950.8500","69799.978","65940.489","70345.536","69625.582","68714.511","67195.028","62952.642","56558.186","47374.472","36884.536","513120","136.3245","1.0022","0.0089","20"
"GB","United Kingdom","68207.1160","67886.011","74081.981","70485.490","67530.172","65860.146","63459.808","58923.309","57134.391","56209.171","55573.453","242900","280.8033","1.0047","0.0087","21"
"FR","France","65426.1790","65273.511","67586.728","66695.702","65129.728","64453.200","62879.530","59015.096","56666.849","53868.009","50763.920","551695","118.5912","1.0023","0.0083","22"
"TZ","Tanzania","61498.4370","59734.218","129386.839","79162.725","58005.463","51482.633","44346.525","33499.180","25203.845","18538.259","13535.481","945087","65.0717","1.0295","0.0078","23"
"IT","Italy","60367.4770","60461.826","54381.673","59031.475","60550.075","60578.494","59325.229","56692.178","57048.236","56349.349","53518.969","301336","200.3328","0.9984","0.0077","24"
"ZA","South Africa","60041.9940","59308.690","75517.920","65956.081","58558.270","55386.367","51216.964","44967.708","36800.509","28556.769","22069.776","1221037","49.1730","1.0124","0.0076","25"
"KE","Kenya","54985.6980","53771.296","91575.089","66449.654","52573.973","47878.336","42030.676","31964.557","23724.579","16417.197","11301.394","580367","94.7430","1.0226","0.0070","26"
"MM","Myanmar","54806.0120","54409.800","62253.430","58478.494","54045.420","52680.726","50600.818","46719.701","41335.199","34224.313","27269.069","676578","81.0047","1.0073","0.0070","27"
"KR","South Korea","51305.1860","51269.185","46829.925","51152.046","51225.308","50823.093","49545.636","47379.241","42918.419","38045.607","32195.681","100210","511.9767","1.0007","0.0065","28"
"CO","Colombia","51265.8440","50882.891","55957.824","53416.763","50339.443","47520.667","45222.700","39629.968","33102.575","26900.506","21480.065","1141748","44.9012","1.0075","0.0065","29"
"UG","Uganda","47123.5310","45741.007","89446.904","59437.928","44269.594","38225.453","32428.167","23650.172","17354.392","12442.334","9405.600","241550","195.0881","1.0302","0.0060","30"
"ES","Spain","46745.2160","46754.778","43637.410","46230.140","46736.776","46671.926","46931.015","40824.754","39202.525","37698.196","33883.749","505992","92.3833","0.9998","0.0059","31"
"AR","Argentina","45605.8260","45195.774","54867.256","49056.162","44780.677","43075.416","40895.752","36870.787","32618.651","27896.528","23880.561","2780400","16.4026","1.0091","0.0058","32"
"SD","Sudan","44909.3530","43849.260","81192.823","55253.529","42813.238","38902.950","34545.013","27275.015","20147.590","14507.468","10281.700","1886068","23.8111","1.0242","0.0057","33"
"DZ","Algeria","44616.6240","43851.044","60923.386","50360.749","43053.054","39728.025","35977.455","31042.235","25758.869","19221.665","14464.985","2381741","18.7328","1.0175","0.0057","34"
"UA","Ukraine","43466.8190","43733.762","35219.042","40882.329","43993.638","44921.639","45792.090","48838.065","51463.105","49965.874","47088.857","603500","72.0246","0.9939","0.0055","35"
"IQ","Iraq","41179.3500","40222.493","70940.126","50193.756","39309.783","35572.261","29741.976","23497.585","17419.113","13653.354","9917.983","438317","93.9488","1.0238","0.0052","36"
"AF","Afghanistan","39835.4280","38928.346","64682.974","48093.578","38041.754","34413.603","29185.507","20779.953","12412.308","13356.511","11173.642","652230","61.0757","1.0233","0.0051","37"
"CA","Canada","38067.9030","37742.154","45669.441","40833.727","37411.047","36026.676","34147.564","30588.383","27541.319","24416.886","21374.326","9984670","3.8126","1.0086","0.0048","38"
"PL","Poland","37797.0050","37846.611","33294.567","36944.563","37887.768","38034.079","38329.781","38556.693","37960.193","35539.720","32639.258","312679","120.8812","0.9987","0.0048","39"
"MA","Morocco","37344.7950","36910.560","46165.501","40887.295","36471.769","34663.603","32343.389","28793.679","24807.462","19990.012","16004.731","446550","83.6296","1.0118","0.0047","40"
"SA","Saudi Arabia","35340.6830","34813.871","44562.476","39322.338","34268.528","31717.667","27421.461","20663.843","16233.785","9691.476","5836.389","2149690","16.4399","1.0151","0.0045","41"
"UZ","Uzbekistan","33935.7630","33469.203","42942.485","37418.456","32981.716","30929.557","28515.909","24769.955","20398.348","15898.757","12080.317","447400","75.8511","1.0139","0.0043","42"
"AO","Angola","33933.6100","32866.272","77420.346","44834.712","31825.295","27884.381","23356.246","16395.473","11848.386","8341.289","5890.365","1246700","27.2187","1.0325","0.0043","43"
"PE","Peru","33359.4180","32971.854","40373.987","36030.592","32510.453","30470.734","29027.674","26459.944","22071.433","17547.610","13459.794","1285216","25.9563","1.0118","0.0042","44"
"MY","Malaysia","32776.1940","32365.999","40550.365","36095.054","31949.777","30270.962","28208.035","23194.257","18029.824","13798.085","10804.131","330803","99.0807","1.0127","0.0042","45"
"MZ","Mozambique","32163.0470","31255.435","65312.929","41184.834","30366.036","27042.002","23531.574","17711.927","12987.292","11630.194","9022.741","801590","40.1241","1.0290","0.0041","46"
"GH","Ghana","31732.1290","31072.940","52016.125","37833.419","30417.856","27849.205","24779.619","19278.856","14773.277","11056.116","8735.495","238533","133.0304","1.0212","0.0040","47"
"YE","Yemen","30490.6400","29825.964","48080.021","36406.888","29161.922","26497.889","23154.855","17409.072","11709.993","7941.898","6193.384","527968","57.7509","1.0223","0.0039","48"
"NP","Nepal","29674.9200","29136.808","35323.921","33389.536","28608.710","27015.031","27013.212","23941.110","18905.478","15016.402","12074.626","147181","201.6219","1.0185","0.0038","49"
"VE","Venezuela","28704.9540","28435.940","37023.115","33626.469","28515.829","30081.829","28439.940","24192.446","19632.665","15182.611","11396.393","916445","31.3221","1.0095","0.0036","50"
"MG","Madagascar","28427.3280","27691.018","54048.128","35622.321","26969.307","24234.088","21151.640","15766.806","11598.633","8716.553","6576.305","587041","48.4248","1.0266","0.0036","51"
"CM","Cameroon","27224.2650","26545.863","50573.042","33766.121","25876.380","23298.368","20341.241","15513.945","11780.088","8621.406","6519.762","475442","57.2610","1.0256","0.0035","52"
"CI","Ivory Coast","27053.6290","26378.274","51263.671","33712.599","25716.544","23226.143","20532.950","16454.668","11924.877","8033.650","5102.064","322463","83.8968","1.0256","0.0034","53"
"KP","North Korea","25887.0410","25778.816","26561.619","26651.329","25666.161","25183.833","24548.836","22929.075","20293.054","17472.140","14410.400","120538","214.7625","1.0042","0.0033","54"
"AU","Australia","25788.2150","25499.884","32814.113","28177.481","25203.198","23932.502","22154.679","18991.431","16960.597","14588.405","12793.034","7692024","3.3526","1.0113","0.0033","55"
"NE","Niger","25130.8170","24206.644","65593.043","34846.020","23310.715","20001.663","16464.025","11331.557","8026.591","5989.004","4510.644","1267000","19.8349","1.0382","0.0032","56"
"TW","Taiwan","23855.0100","23816.775","22412.982","24011.258","23773.876","23557.477","23187.551","21966.527","20478.520","17905.458","14924.455","36193","659.1056","1.0016","0.0030","57"
"LK","Sri Lanka","21497.3100","21413.249","21813.968","22023.016","21323.733","20908.027","20261.737","18777.601","17325.773","15035.834","12485.740","65610","327.6529","1.0039","0.0027","58"
"BF","Burkina Faso","21497.0960","20903.273","43432.184","27404.039","20321.378","18110.624","15605.217","11607.942","8811.034","6822.843","5624.600","272967","78.7535","1.0284","0.0027","59"
"ML","Mali","20855.7350","20250.833","43585.530","26957.396","19658.031","17438.778","15049.353","10946.445","8449.913","7090.126","5949.045","1240192","16.8165","1.0299","0.0026","60"
"MW","Malawi","19647.6840","19129.952","38142.973","24849.440","18628.747","16745.303","14539.612","11148.758","9404.500","6250.440","4703.782","118484","165.8256","1.0271","0.0025","61"
"CL","Chile","19212.3610","19116.201","20319.307","19458.103","18952.038","17969.353","17062.536","15342.353","13274.623","11419.348","9783.134","756102","25.4097","1.0050","0.0024","62"
"RO","Romania","19127.7740","19237.691","16259.787","18306.101","19364.557","19925.175","20471.864","22137.419","23489.160","22615.639","20548.911","238391","80.2370","0.9943","0.0024","63"
"KZ","Kazakhstan","18994.9620","18776.707","24024.045","20639.021","18551.427","17572.016","16252.279","14922.719","16383.887","14796.174","13036.139","2724900","6.9709","1.0116","0.0024","64"
"ZM","Zambia","18920.6510","18383.955","39120.917","24325.505","17861.030","15879.361","13605.984","10415.944","8036.845","5851.825","4179.067","752612","25.1400","1.0292","0.0024","65"
"SY","Syria","18275.7020","17500.658","33129.321","26676.565","17070.135","17997.408","21362.529","16410.848","12446.171","8930.774","6350.541","185180","98.6916","1.0443","0.0023","66"
"GT","Guatemala","18249.8600","17915.568","26920.712","21212.561","17581.472","16252.429","14630.417","11650.743","9263.813","7283.459","5621.792","108889","167.6006","1.0187","0.0023","67"
"EC","Ecuador","17888.4750","17643.054","23316.457","19818.797","17373.662","16212.020","15011.117","12681.123","10230.934","7989.186","6069.376","276841","64.6164","1.0139","0.0023","68"
"SN","Senegal","17196.3010","16743.927","33186.859","21551.460","16296.364","14578.459","12678.148","9797.734","7526.307","5583.165","4257.505","196722","87.4142","1.0270","0.0022","69"
"NL","Netherlands","17173.0990","17134.872","17165.372","17450.322","17097.130","16938.499","16682.917","15926.188","14965.448","14148.415","13001.943","41850","410.3488","1.0022","0.0022","70"
"KH","Cambodia","16946.4380","16718.965","21860.919","18781.033","16486.542","15521.436","14312.212","12155.239","8975.597","6693.764","6996.576","181035","93.6086","1.0136","0.0022","71"
"TD","Chad","16914.9850","16425.864","34031.311","21690.381","15946.876","14110.975","11952.136","8355.654","5963.252","4514.430","3643.604","1284000","13.1737","1.0298","0.0021","72"
"SO","Somalia","16359.5040","15893.222","34922.447","21191.037","15442.905","13797.201","12043.883","8872.254","7225.092","6281.134","3444.568","637657","25.6556","1.0293","0.0021","73"
"ZW","Zimbabwe","15092.1710","14862.924","23947.923","17596.447","14645.468","13814.629","12697.723","11881.477","10432.421","7408.624","5289.303","390757","38.6229","1.0154","0.0019","74"
"GN","Guinea","13497.2440","13132.795","25971.806","17020.915","12771.246","11432.088","10192.176","8240.730","6352.283","4871.435","4154.605","245857","54.8988","1.0278","0.0017","75"
"RW","Rwanda","13276.5130","12952.218","23048.005","16234.387","12626.950","11369.071","10039.338","7933.681","7288.882","5153.312","3757.358","26338","504.0820","1.0250","0.0017","76"
"BJ","Benin","12451.0400","12123.200","24280.477","15672.304","11801.151","10575.952","9199.259","6865.951","4978.496","3717.165","2912.340","112622","110.5560","1.0270","0.0016","77"
"BI","Burundi","12255.4330","11890.784","25324.761","15772.822","11530.580","10160.030","8675.602","6378.871","5438.957","4157.298","3479.074","27834","440.3044","1.0307","0.0016","78"
"TN","Tunisia","11935.7660","11818.619","13796.600","12755.757","11694.719","11179.949","10635.244","9708.350","8242.496","6374.039","5063.809","163610","72.9525","1.0099","0.0015","79"
"BO","Bolivia","11832.9400","11673.021","15839.563","13240.382","11513.100","10869.730","10048.590","8418.264","6864.842","5579.935","4484.004","1098581","10.7711","1.0137","0.0015","80"
"BE","Belgium","11632.3260","11589.623","12220.765","11903.750","11539.328","11287.940","10938.739","10282.033","10006.544","9868.995","9632.180","30528","381.0379","1.0037","0.0015","81"
"HT","Haiti","11541.6850","11402.528","14877.779","12733.238","11263.077","10695.542","9949.322","8463.806","7037.917","5643.173","4676.230","27750","415.9166","1.0122","0.0015","82"
"SS","South Sudan","11381.3780","11193.725","19962.712","13839.272","11062.113","10715.658","9508.364","6199.394","5492.623","4502.604","3494.004","619745","18.3646","1.0168","0.0014","83"
"CU","Cuba","11317.5050","11326.616","10162.396","11142.328","11333.483","11324.781","11225.832","11126.430","10596.987","9849.459","8712.541","109884","102.9950","0.9992","0.0014","84"
"DO","Dominican Republic","10953.7030","10847.910","12795.809","11770.322","10738.958","10281.680","9695.121","8471.321","7133.494","5803.927","4499.720","48671","225.0560","1.0098","0.0014","85"
"CZ","Czech Republic","10724.5550","10708.981","10545.581","10744.834","10689.209","10601.397","10536.518","10289.373","10340.875","10349.083","9817.669","78865","135.9862","1.0015","0.0014","86"
"GR","Greece","10370.7440","10423.054","9029.249","9917.250","10473.455","10659.750","10887.637","11082.104","10225.992","9627.002","8663.571","131990","78.5722","0.9950","0.0013","87"
"JO","Jordan","10269.0210","10203.134","12932.410","10655.181","10101.694","9266.575","7261.539","5122.493","3565.890","2377.995","1721.323","89342","114.9406","1.0065","0.0013","88"
"AZ","Azerbaijan","10223.3420","10139.177","11064.999","10739.732","10047.718","9622.745","9032.461","8122.741","7242.761","6150.733","5180.023","86600","118.0524","1.0083","0.0013","89"
"PT","Portugal","10167.9250","10196.709","9084.576","9912.679","10226.187","10368.351","10596.058","10297.112","9895.364","9750.964","8651.340","92090","110.4129","0.9972","0.0013","90"
"SE","Sweden","10160.1690","10099.265","11389.196","10629.981","10036.379","9764.950","9390.168","8881.640","8567.384","8316.338","8054.916","450295","22.5634","1.0060","0.0013","91"
"HN","Honduras","10062.9910","9904.607","13830.799","11449.249","9746.117","9112.916","8317.470","6574.509","4955.303","3678.279","2716.654","112492","89.4552","1.0160","0.0013","92"
"AE","United Arab Emirates","9991.0890","9890.402","10425.287","10661.076","9770.529","9262.900","8549.988","3134.062","1828.432","1019.509","234.514","83600","119.5106","1.0102","0.0013","93"
"TJ","Tajikistan","9749.6270","9537.645","16208.250","11557.369","9321.018","8454.028","7527.394","6216.341","5283.814","3905.446","2930.107","143100","68.1316","1.0222","0.0012","94"
"HU","Hungary","9634.1640","9660.351","8470.230","9338.446","9684.679","9777.923","9927.370","10220.507","10377.137","10754.286","10366.105","93028","103.5620","0.9973","0.0012","95"
"BY","Belarus","9442.8620","9449.323","8634.225","9264.784","9452.411","9439.423","9420.574","9871.632","10151.134","9569.847","8913.552","207600","45.4858","0.9993","0.0012","96"
"PG","Papua New Guinea","9119.0100","8947.024","14204.066","10709.348","8776.109","8107.775","7310.507","5847.586","4615.839","3571.205","2783.121","462840","19.7023","1.0192","0.0012","97"
"AT","Austria","9043.0700","9006.398","9130.699","9175.689","8955.102","8678.660","8409.949","8069.276","7723.949","7609.752","7516.239","83871","107.8212","1.0041","0.0011","98"
"IL","Israel","8789.7740","8655.535","12720.416","9979.698","8519.377","7978.490","7346.446","5945.950","4448.353","3700.919","2813.749","20770","423.1957","1.0155","0.0011","99"
"CH","Switzerland","8715.4940","8654.622","9817.721","9185.115","8591.365","8296.775","7808.675","7143.761","6652.868","6283.832","6150.852","41284","211.1107","1.0070","0.0011","100"
"RS","Serbia","8697.5500","8737.371","7083.833","8250.431","8772.235","8876.777","8991.254","9487.616","9517.675","8908.294","8119.860","88361","98.4320","0.9954","0.0011","101"
"TG","Togo","8478.2500","8278.724","15415.499","10421.916","8082.366","7323.158","6421.679","4924.402","3774.312","2720.839","2115.522","56785","149.3044","1.0241","0.0011","102"
"SL","Sierra Leone","8141.3430","7976.983","12944.873","9648.691","7813.215","7171.914","6415.634","4584.571","4319.762","3388.495","2744.891","71740","113.4840","1.0206","0.0010","103"
"HK","Hong Kong","7552.8100","7496.981","8041.048","8018.670","7436.154","7185.996","6966.331","6606.327","5727.938","4868.742","3848.924","1104","6841.3134","1.0074","0.0010","104"
"LA","Laos","7379.3580","7275.560","9479.747","8226.273","7169.455","6741.164","6249.165","5323.700","4258.472","3258.144","2688.428","236800","31.1628","1.0143","0.0009","105"
"PY","Paraguay","7219.6380","7132.538","9101.631","7949.971","7044.636","6688.746","6248.020","5323.201","4223.415","3181.625","2474.763","406752","17.7495","1.0122","0.0009","106"
"LY","Libya","6958.5320","6871.292","8525.414","7606.415","6777.452","6418.315","6197.663","5357.891","4436.661","3219.466","2133.526","1759540","3.9547","1.0127","0.0009","107"
"BG","Bulgaria","6896.6630","6948.445","5385.441","6416.749","7000.119","7199.741","7425.008","7997.957","8841.458","8878.791","8507.551","110879","62.1999","0.9925","0.0009","108"
"LB","Lebanon","6769.1460","6825.445","6528.164","6194.844","6855.713","6532.678","4953.061","3842.778","2803.044","2588.929","2297.434","10452","647.6412","0.9918","0.0009","109"
"NI","Nicaragua","6702.3850","6624.554","8531.048","7391.881","6545.502","6223.240","5824.065","5069.302","4173.434","3265.519","2406.513","130373","51.4093","1.0117","0.0009","110"
"KG","Kyrgyzstan","6628.3560","6524.195","9126.108","7446.104","6415.850","5959.121","5422.293","4920.712","4372.885","3610.970","2969.851","199951","33.1499","1.0160","0.0008","111"
"SV","El Salvador","6518.4990","6486.205","6936.786","6778.586","6453.553","6325.124","6183.875","5887.936","5270.079","4591.134","3673.068","21041","309.7999","1.0050","0.0008","112"
"TM","Turkmenistan","6117.9240","6031.200","7949.281","6782.355","5942.089","5565.287","5087.213","4516.133","3683.967","2876.808","2195.175","488100","12.5342","1.0144","0.0008","113"
"SG","Singapore","5896.6860","5850.342","6407.532","6262.466","5804.337","5592.152","5131.172","4028.871","3012.966","2411.688","2072.283","710","8305.1915","1.0079","0.0007","114"
"DK","Denmark","5813.2980","5792.202","6245.374","6001.867","5771.876","5688.695","5554.844","5341.194","5141.115","5123.945","4931.241","43094","134.8981","1.0036","0.0007","115"
"CG","Republic of the Congo","5657.0130","5518.087","10701.994","7019.831","5380.508","4856.095","4273.731","3127.411","2356.737","1777.934","1326.885","342000","16.5410","1.0252","0.0007","116"
"FI","Finland","5548.3600","5540.720","5486.143","5580.537","5532.156","5481.122","5365.782","5187.954","4996.222","4788.243","4612.366","338424","16.3947","1.0014","0.0007","117"
"NO","Norway","5465.6300","5421.241","6600.338","5875.913","5378.857","5199.836","4885.878","4499.367","4247.285","4086.076","3876.060","323802","16.8795","1.0082","0.0007","118"
"SK","Slovakia","5460.7210","5459.642","4983.648","5403.400","5457.013","5435.611","5404.294","5399.211","5288.454","4996.731","4538.841","49037","111.3592","1.0002","0.0007","119"
"OM","Oman","5223.3750","5106.626","6915.444","5936.081","4974.986","4267.348","3041.434","2267.973","1812.161","1154.377","723.851","309500","16.8768","1.0229","0.0007","120"
"PS","Palestine","5222.7480","5101.414","8815.774","6341.728","4981.420","4529.166","4055.631","3224.003","2101.446","1510.713","1126.629","6220","839.6701","1.0238","0.0007","121"
"LR","Liberia","5180.2030","5057.681","9339.752","6371.553","4937.374","4472.230","3891.356","2848.456","2075.912","1853.001","1400.730","111369","46.5139","1.0242","0.0007","122"
"CR","Costa Rica","5139.0520","5094.118","5772.699","5468.038","5047.561","4847.804","4577.378","3962.372","3119.433","2389.977","1847.394","51100","100.5685","1.0088","0.0007","123"
"IE","Ireland","4982.9070","4937.786","5677.615","5248.041","4882.495","4652.425","4554.321","3783.103","3510.885","3384.756","2908.421","70273","70.9078","1.0091","0.0006","124"
"CF","Central African Republic","4919.9810","4829.767","8400.956","5942.211","4745.185","4493.170","4386.768","3640.427","2806.734","2199.356","1811.144","622984","7.8974","1.0187","0.0006","125"
"NZ","New Zealand","4860.6430","4822.233","5607.793","5172.962","4783.063","4614.532","4370.062","3858.999","3398.172","3146.619","2818.387","270467","17.9713","1.0080","0.0006","126"
"MR","Mauritania","4775.1190","4649.658","9024.892","5967.168","4525.696","4046.301","3494.195","2630.219","2034.346","1540.640","1146.780","1030700","4.6329","1.0270","0.0006","127"
"PA","Panama","4381.5790","4314.767","5852.947","4927.612","4246.439","3968.487","3642.687","3030.328","2470.947","1978.487","1519.285","75417","58.0980","1.0155","0.0006","128"
"KW","Kuwait","4328.5500","4270.571","5393.472","4747.081","4207.083","3835.591","2991.884","2045.123","2095.344","1368.677","744.450","17818","242.9313","1.0136","0.0005","129"
"HR","Croatia","4081.6510","4105.267","3364.800","3877.272","4130.304","4232.874","4328.165","4428.075","4776.374","4598.130","4423.073","56594","72.1216","0.9942","0.0005","130"
"MD","Moldova","4024.0190","4033.963","3360.177","3885.896","4043.263","4070.700","4086.081","4202.658","4365.564","4011.076","3595.555","33846","118.8920","0.9975","0.0005","131"
"GE","Georgia","3979.7650","3989.167","3516.865","3853.306","3996.765","4024.183","4099.099","4362.187","5410.399","5017.833","4713.342","69700","57.0985","0.9976","0.0005","132"
"ER","Eritrea","3601.4670","3546.421","6005.490","4240.213","3497.117","3342.818","3170.435","2292.416","2258.653","1733.416","1310.945","117600","30.6247","1.0155","0.0005","133"
"UY","Uruguay","3485.1510","3473.730","3639.109","3569.471","3461.734","3412.009","3359.275","3319.736","3109.601","2915.389","2809.793","181034","19.2514","1.0033","0.0004","134"
"MN","Mongolia","3329.2890","3278.290","4448.930","3716.210","3225.167","2998.439","2719.896","2397.418","2184.145","1689.622","1278.825","1564110","2.1286","1.0156","0.0004","135"
"BA","Bosnia and Herzegovina","3263.4660","3280.819","2685.037","3126.648","3301.000","3429.361","3705.472","3751.176","4463.423","4179.855","3760.529","51209","63.7284","0.9947","0.0004","136"
"JM","Jamaica","2973.4630","2961.167","2960.317","3047.974","2948.279","2891.021","2810.460","2654.701","2419.906","2162.846","1875.642","10991","270.5362","1.0042","0.0004","137"
"AM","Armenia","2968.1270","2963.243","2816.112","2967.005","2957.731","2925.553","2877.319","3069.591","3538.171","3099.754","2525.068","29743","99.7925","1.0016","0.0004","138"
"QA","Qatar","2930.5280","2881.053","3851.131","3326.890","2832.067","2565.710","1856.327","592.468","476.278","223.632","109.514","11586","252.9370","1.0172","0.0004","139"
"AL","Albania","2872.9330","2877.797","2424.061","2786.974","2880.917","2890.513","2948.023","3129.243","3286.073","2682.690","2150.707","28748","99.9351","0.9983","0.0004","140"
"PR","Puerto Rico","2828.2550","2860.853","2445.386","2905.352","2933.408","3381.518","3579.841","3668.960","3403.154","3090.691","2631.707","8870","318.8563","0.9886","0.0004","141"
"LT","Lithuania","2689.8620","2722.289","2121.397","2484.803","2759.627","2931.880","3123.816","3501.839","3696.035","3430.760","3136.586","65300","41.1924","0.9881","0.0003","142"
"NA","Namibia","2587.3440","2540.905","3981.130","3010.871","2494.530","2314.904","2118.874","1794.571","1432.905","1057.727","817.469","825615","3.1338","1.0183","0.0003","143"
"GM","Gambia","2486.9450","2416.668","4882.101","3170.685","2347.706","2085.860","1793.196","1317.703","955.593","637.246","464.410","10689","232.6640","1.0291","0.0003","144"
"BW","Botswana","2397.2410","2351.627","3509.819","2774.340","2303.697","2120.716","1987.105","1643.334","1286.756","897.868","627.715","582000","4.1190","1.0194","0.0003","145"
"GA","Gabon","2278.8250","2225.734","3809.050","2744.451","2172.579","1947.686","1624.140","1228.360","949.488","726.328","589.314","267668","8.5136","1.0239","0.0003","146"
"LS","Lesotho","2159.0790","2142.249","2665.270","2325.164","2125.268","2059.021","1995.581","2032.804","1703.747","1340.255","1028.926","30355","71.1276","1.0079","0.0003","147"
"MK","North Macedonia","2082.6580","2083.374","1856.775","2050.747","2083.459","2079.328","2070.741","2034.819","1996.228","1924.197","1720.800","25713","80.9963","0.9997","0.0003","148"
"SI","Slovenia","2078.7240","2078.938","1939.592","2056.193","2078.654","2071.199","2043.337","1987.717","2006.405","1835.831","1669.581","20273","102.5366","0.9999","0.0003","149"
"GW","Guinea-Bissau","2015.4940","1968.001","3557.201","2461.208","1920.922","1737.202","1522.599","1201.301","975.261","781.677","704.939","36125","55.7922","1.0241","0.0003","150"
"LV","Latvia","1866.9420","1886.198","1479.172","1720.146","1906.743","1997.674","2118.861","2384.164","2664.439","2521.391","2378.021","64559","28.9184","0.9898","0.0002","151"
"BH","Bahrain","1748.2960","1701.575","2316.049","2013.416","1641.172","1371.851","1240.860","664.611","495.931","359.888","212.605","765","2285.3542","1.0275","0.0002","152"
"GQ","Equatorial Guinea","1449.8960","1402.985","2820.925","1873.549","1355.986","1168.568","943.639","606.181","419.188","249.929","303.982","28051","51.6879","1.0334","0.0002","153"
"TT","Trinidad and Tobago","1403.3750","1399.488","1343.789","1413.415","1394.973","1370.328","1328.147","1267.153","1221.116","1084.744","945.360","5130","273.5624","1.0028","0.0002","154"
"TL","Timor-Leste","1343.8730","1318.445","2019.291","1574.057","1293.119","1196.302","1093.523","884.366","737.814","599.905","571.565","14874","90.3505","1.0193","0.0002","155"
"EE","Estonia","1325.1850","1326.535","1158.408","1279.962","1325.648","1315.325","1332.101","1399.112","1565.246","1474.439","1360.202","45227","29.3007","0.9990","0.0002","156"
"MU","Mauritius","1273.4330","1271.768","1185.529","1274.041","1269.668","1259.456","1247.955","1185.145","1055.868","966.031","826.441","2040","624.2319","1.0013","0.0002","157"
"CY","Cyprus","1215.5840","1207.359","1354.591","1274.972","1198.575","1160.985","1112.612","943.290","766.615","685.405","613.618","9251","131.4003","1.0068","0.0002","158"
"SZ","Eswatini","1172.3620","1160.164","1704.428","1297.835","1148.130","1104.044","1064.837","1005.435","822.420","587.858","431.253","17364","67.5168","1.0105","0.0001","159"
"DJ","Djibouti","1002.1870","988.000","1295.373","1116.724","973.560","913.993","840.198","717.584","590.398","358.960","159.659","23200","43.1977","1.0144","0.0001","160"
"FJ","Fiji","902.9060","896.445","1071.255","966.015","889.953","868.627","859.818","811.006","728.573","635.307","520.562","18272","49.4147","1.0072","0.0001","161"
"RE","Reunion","901.6860","895.312","1009.876","954.806","888.927","863.363","830.519","736.710","610.582","509.265","462.025","2511","359.0944","1.0071","0.0001","162"
"KM","Comoros","888.4510","869.601","1471.737","1063.114","850.886","777.424","689.692","542.357","411.594","307.829","230.054","1862","477.1488","1.0217","0.0001","163"
"GY","Guyana","790.3260","786.552","824.957","821.590","782.766","767.432","749.436","746.715","743.309","780.153","704.934","214969","3.6765","1.0048","0.0001","164"
"BT","Bhutan","779.8980","771.608","904.616","842.670","763.092","727.876","685.503","591.021","530.804","406.875","297.316","38394","20.3130","1.0107","0.0001","165"
"SB","Solomon Islands","703.9960","686.884","1290.216","864.605","669.823","603.118","527.861","412.660","311.866","230.546","160.250","28896","24.3631","1.0249","0.0001","166"
"MO","Macau","658.3940","649.335","838.368","731.874","640.445","602.085","538.219","427.782","343.808","238.071","246.194","30","21946.4667","1.0140","0.0001","167"
"LU","Luxembourg","634.8140","625.978","789.942","690.348","615.729","566.741","507.889","436.103","381.791","364.038","339.668","2586","245.4811","1.0141","0.0001","168"
"ME","Montenegro","628.0530","628.066","589.333","624.059","627.987","626.956","624.275","613.559","615.002","580.754","519.696","13812","45.4715","1.0000","0.0001","169"
"EH","Western Sahara","611.8750","597.339","984.023","737.345","582.463","526.216","480.274","314.118","217.258","150.877","76.874","266000","2.3003","1.0243","0.0001","170"
"SR","Suriname","591.8000","586.632","680.241","632.401","581.372","559.143","529.131","470.949","405.168","359.519","367.931","163820","3.6125","1.0088","0.0001","171"
"CV","Cape Verde","561.8980","555.987","679.394","610.057","549.935","524.743","492.654","428.188","337.950","283.847","268.627","4033","139.3251","1.0106","0.0001","172"
"MV","Maldives","543.6170","540.544","586.100","519.341","530.953","454.915","365.734","279.398","223.158","158.272","115.691","300","1812.0567","1.0057","0.0001","173"
"MT","Malta","442.7840","441.543","426.787","448.899","440.372","433.559","414.253","393.645","362.015","331.497","320.545","316","1401.2152","1.0028","0.0001","174"
"BN","Brunei","441.5320","437.479","492.385","470.990","433.285","414.907","388.646","333.165","258.721","193.879","129.529","5765","76.5884","1.0093","0.0001","175"
"BZ","Belize","404.9140","397.628","571.042","467.633","390.353","360.933","322.464","247.315","187.552","144.155","122.182","22966","17.6310","1.0183","0.0001","176"
"GP","Guadeloupe","400.0200","400.124","386.922","400.246","400.056","400.255","406.071","422.051","389.249","336.685","321.883","1628","245.7125","0.9997","0.0001","177"
"BS","Bahamas","396.9130","393.244","463.333","426.813","389.482","374.206","354.942","298.051","256.223","210.591","169.377","13943","28.4668","1.0093","0.0001","178"
"MQ","Martinique","374.7450","375.265","331.960","367.716","375.554","378.478","394.663","387.004","358.449","325.454","325.011","1128","332.2207","0.9986","0.0000","179"
"IS","Iceland","343.3530","341.243","376.693","359.711","339.031","330.243","320.328","280.435","255.043","228.262","204.426","103000","3.3335","1.0062","0.0000","180"
"VU","Vanuatu","314.4640","307.145","556.756","383.373","299.882","271.130","236.211","184.972","146.573","115.597","85.377","12189","25.7990","1.0238","0.0000","181"
"GF","French Guiana","306.4480","298.682","544.807","377.611","290.832","260.999","233.002","163.165","115.784","66.977","47.930","83534","3.6685","1.0260","0.0000","182"
"NC","New Caledonia","288.2180","285.498","346.510","311.024","282.750","271.065","253.527","217.269","170.336","145.144","105.324","18575","15.5164","1.0095","0.0000","183"
"BB","Barbados","287.7110","287.375","277.011","289.444","287.025","285.324","282.131","271.515","260.936","252.394","238.896","430","669.0953","1.0012","0.0000","184"
"PF","French Polynesia","282.5300","280.908","310.654","296.714","279.287","273.124","266.455","240.686","199.905","153.301","110.495","4167","67.8018","1.0058","0.0000","185"
"YT","Mayotte","279.5150","272.815","494.839","342.890","266.150","240.020","208.718","150.331","94.784","55.137","36.969","374","747.3663","1.0246","0.0000","186"
"ST","Sao Tome and Principe","223.3680","219.159","394.153","268.244","215.056","199.432","180.371","142.262","119.209","95.794","74.564","964","231.7095","1.0192","0.0000","187"
"WS","Samoa","200.1490","198.414","267.391","220.371","197.097","193.513","185.949","174.454","162.803","155.525","143.149","2842","70.4254","1.0087","0.0000","188"
"LC","Saint Lucia","184.4000","183.627","182.129","188.738","182.790","179.126","174.085","156.729","138.020","117.822","104.015","616","299.3506","1.0042","0.0000","189"
"GU","Guam","170.1790","168.775","192.780","181.147","167.294","161.853","159.444","155.329","130.482","104.133","83.877","549","309.9800","1.0083","0.0000","190"
"CW","Curacao","164.7980","164.093","175.722","170.704","163.424","159.847","149.192","132.140","146.670","147.996","143.634","444","371.1667","1.0043","0.0000","191"
"KI","Kiribati","121.3920","119.449","176.708","139.179","117.606","110.930","102.927","84.396","72.400","59.301","51.151","811","149.6819","1.0163","0.0000","192"
"FM","Micronesia","116.2540","115.023","138.917","126.691","113.815","108.895","102.911","107.402","96.301","72.930","61.417","702","165.6040","1.0107","0.0000","193"
"GD","Grenada","113.0210","112.523","115.564","115.779","112.003","109.599","106.233","102.833","96.331","89.032","94.475","344","328.5494","1.0044","0.0000","194"
"VC","Saint Vincent and the Grenadines","111.2630","110.940","109.113","113.038","110.589","109.148","108.255","107.784","107.484","100.566","90.509","389","286.0231","1.0029","0.0000","195"
"AW","Aruba","107.2040","106.766","108.716","110.247","106.314","104.341","101.669","90.853","62.149","60.096","59.063","180","595.5778","1.0041","0.0000","196"
"TO","Tonga","106.7600","105.695","134.180","115.621","104.494","100.781","103.986","97.973","95.069","92.971","84.351","747","142.9183","1.0101","0.0000","197"
"VI","United States Virgin Islands","104.2260","104.425","86.220","100.692","104.578","104.958","106.087","108.722","103.756","99.080","64.726","347","300.3631","0.9981","0.0000","198"
"SC","Seychelles","98.9080","98.347","104.565","102.534","97.739","94.978","91.264","80.996","70.570","66.244","52.368","452","218.8230","1.0057","0.0000","199"
"AG","Antigua and Barbuda","98.7310","97.929","110.896","104.864","97.118","93.566","88.028","76.016","62.528","61.865","64.177","442","223.3733","1.0082","0.0000","200"
"IM","Isle of Man","85.4100","85.033","90.748","87.993","84.584","83.234","84.857","76.941","70.298","63.551","55.425","572","149.3182","1.0044","0.0000","201"
"AD","Andorra","77.3550","77.265","76.118","77.925","77.142","78.011","84.449","65.390","54.509","36.067","24.276","468","165.2885","1.0012","0.0000","202"
"DM","Dominica","72.1670","71.986","70.877","73.241","71.808","71.183","70.878","69.650","70.419","75.314","71.073","751","96.0945","1.0025","0.0000","203"
"KY","Cayman Islands","66.4970","65.722","84.655","73.334","64.948","61.724","56.672","42.303","25.312","16.212","9.144","264","251.8826","1.0118","0.0000","204"
"BM","Bermuda","62.0900","62.278","53.278","60.492","62.506","63.692","65.389","65.012","61.634","57.573","52.565","54","1149.8148","0.9970","0.0000","205"
"MH","Marshall Islands","59.6100","59.190","75.365","65.000","58.791","57.439","56.366","50.753","47.271","30.576","20.395","181","329.3370","1.0071","0.0000","206"
"MP","Northern Mariana Islands","57.9170","57.559","62.032","61.060","57.216","55.780","53.971","57.453","45.752","16.633","12.994","464","124.8211","1.0062","0.0000","207"
"GL","Greenland","56.8770","56.770","53.300","57.091","56.672","56.377","56.638","56.175","55.604","50.179","46.074","2166086","0.0263","1.0019","0.0000","208"
"AS","American Samoa","55.1000","55.191","53.581","54.728","55.312","55.812","56.079","57.821","47.347","32.646","27.363","199","276.8844","0.9984","0.0000","209"
"KN","Saint Kitts and Nevis","53.5440","53.199","56.161","55.832","52.823","51.203","49.016","44.074","40.259","43.205","44.883","261","205.1494","1.0065","0.0000","210"
"FO","Faroe Islands","49.0490","48.863","53.466","50.913","48.678","48.051","47.814","46.735","47.274","43.337","39.009","1393","35.2111","1.0038","0.0000","211"
"SX","Sint Maarten","43.4120","42.876","55.017","48.076","42.388","39.968","34.168","32.564","28.812","13.100","6.864","34","1276.8235","1.0125","0.0000","212"
"MC","Monaco","39.5110","39.242","46.002","41.777","38.964","37.718","35.612","32.147","29.438","26.745","23.484","2","19755.5000","1.0069","0.0000","213"
"MF","Saint Martin","39.2340","38.666","50.825","43.269","38.002","35.858","37.582","28.935","31.520","8.771","5.712","53","740.2642","1.0147","0.0000","214"
"TC","Turks and Caicos Islands","39.2310","38.717","50.273","43.606","38.191","35.981","32.660","20.164","12.111","7.888","5.841","948","41.3829","1.0133","0.0000","215"
"LI","Liechtenstein","38.2500","38.128","40.360","39.402","38.019","37.470","35.994","33.184","28.789","25.879","21.266","160","239.0625","1.0032","0.0000","216"
"SM","San Marino","34.0170","33.931","33.640","34.413","33.860","33.272","31.229","27.462","24.125","21.459","19.221","61","557.6557","1.0025","0.0000","217"
"GI","Gibraltar","33.6980","33.691","33.917","33.914","33.701","33.736","33.585","31.077","29.147","30.065","28.606","6","5616.3333","1.0002","0.0000","218"
"VG","British Virgin Islands","30.4210","30.231","31.541","31.764","30.030","29.152","27.794","20.311","17.489","11.478","9.827","151","201.4636","1.0063","0.0000","219"
"PW","Palau","18.1690","18.094","17.718","18.476","18.008","17.665","17.955","19.105","15.058","12.179","11.811","459","39.5839","1.0041","0.0000","220"
"CK","Cook Islands","17.5650","17.564","17.081","17.524","17.548","17.586","18.391","17.930","18.191","17.512","21.302","236","74.4280","1.0001","0.0000","221"
"AI","Anguilla","15.1170","15.003","16.517","15.914","14.869","14.279","13.438","11.252","8.899","7.285","6.771","91","166.1209","1.0076","0.0000","222"
"TV","Tuvalu","11.9310","11.792","15.983","13.164","11.646","11.099","10.530","9.394","8.913","7.637","5.735","26","458.8846","1.0118","0.0000","223"
"WF","Wallis and Futuna","11.0940","11.239","9.131","10.389","11.432","12.266","12.689","14.694","13.800","11.231","8.853","142","78.1268","0.9871","0.0000","224"
"NR","Nauru","10.8760","10.824","10.794","10.991","10.756","10.383","10.005","10.337","9.505","7.741","6.552","21","517.9048","1.0048","0.0000","225"
"BL","Saint Barthelemy","9.9070","9.877","10.831","10.226","9.847","9.693","9.234","7.427","5.339","3.082","2.343","21","471.7619","1.0030","0.0000","226"
"PM","Saint Pierre and Miquelon","5.7660","5.794","5.247","5.677","5.822","5.993","6.353","6.294","6.393","6.131","5.552","242","23.8264","0.9952","0.0000","227"
"MS","Montserrat","4.9770","4.992","4.153","4.763","4.989","4.967","4.899","4.929","10.615","11.607","11.534","102","48.7941","0.9970","0.0000","228"
"FK","Falkland Islands","3.5330","3.480","3.243","3.436","3.377","2.834","2.901","2.892","1.982","1.854","1.992","12173","0.2902","1.0152","0.0000","229"
"NU","Niue","1.6190","1.626","1.778","1.664","1.615","1.619","1.618","1.899","2.329","3.404","5.135","260","6.2269","0.9957","0.0000","230"
"TK","Tokelau","1.3730","1.357","1.565","1.448","1.340","1.252","1.140","1.554","1.608","1.553","1.621","12","114.4167","1.0118","0.0000","231"
"VA","Vatican City","0.8000","0.801","0.814","0.795","0.799","0.803","0.794","0.785","0.768","0.724","0.644","1","800","0.9988","0.0000","232"